{
    "targets": [
        { "name": "controller", "width": 2, "height": 3 },
        { "name": "controllerSwap", "width": 2, "height": 3 },
		"sky",
        "swap1",
        "swap2",
        "translucent",
        "itemEntity",
        "particles",
        "clouds",
        "weather",
        "final"
    ],
    "passes": [
        {
            "name": "toggler/copy",
            "intarget": "controller",
            "outtarget": "controllerSwap"
        },
        {
            "name": "toggler/findcolor",
            "intarget": "controllerSwap",
            "outtarget": "controller",
            "auxtargets": [
                {
                    "name": "ParticleSampler",
                    "id": "particles"
                }
            ]
        },
        {
            "name": "toggler/remove",
            "intarget": "particles",
            "outtarget": "final"
        },
        {
            "name": "blit",
            "intarget": "final",
            "outtarget": "particles"
        },
		{
			"name": "skybox",
			"intarget": "minecraft:main",
			"outtarget": "sky",
			"auxtargets": [
                {
                    "name": "DepthSampler",
                    "id": "minecraft:main:depth"
                },
                {
                    "name": "ControlSampler",
                    "id": "controller"
                },
				{
					"name": "SkyBoxDaySampler1",
                    "id": "skybox-day1",
                    "width": 1,
                    "height": 1,
                    "bilinear": false
				},
				{
					"name": "SkyBoxNightSampler1",
                    "id": "skybox-night1",
                    "width": 1,
                    "height": 1,
                    "bilinear": false
				},
                {
                    "name": "SkyBoxDaySampler2",
                    "id": "skybox-day2",
                    "width": 1,
                    "height": 1,
                    "bilinear": false
                },
                {
                    "name": "SkyBoxNightSampler2",
                    "id": "skybox-night2",
                    "width": 1,
                    "height": 1,
                    "bilinear": false
                },
                {
                    "name": "SkyBoxDaySampler3",
                    "id": "skybox-day3",
                    "width": 1,
                    "height": 1,
                    "bilinear": false
                },
                {
                    "name": "SkyBoxNightSampler3",
                    "id": "skybox-night3",
                    "width": 1,
                    "height": 1,
                    "bilinear": false
                },
                {
                    "name": "SkyBoxDaySampler4",
                    "id": "skybox-day4",
                    "width": 1,
                    "height": 1,
                    "bilinear": false
                },
                {
                    "name": "SkyBoxNightSampler4",
                    "id": "skybox-night4",
                    "width": 1,
                    "height": 1,
                    "bilinear": false
                }
			]
		},
        {
            "name": "transparency",
            "intarget": "sky",
            "outtarget": "swap2",
            "auxtargets": [
                {
                    "name": "DiffuseDepthSampler",
                    "id": "minecraft:main:depth"
                },
                {
                    "name": "TranslucentSampler",
                    "id": "translucent"
                },
                {
                    "name": "TranslucentDepthSampler",
                    "id": "translucent:depth"
                },
                {
                    "name": "ItemEntitySampler",
                    "id": "itemEntity"
                },
                {
                    "name": "ItemEntityDepthSampler",
                    "id": "itemEntity:depth"
                },
                {
                    "name": "ParticlesSampler",
                    "id": "particles"
                },
                {
                    "name": "ParticlesDepthSampler",
                    "id": "particles:depth"
                },
                {
                    "name": "CloudsSampler",
                    "id": "clouds"
                },
                {
                    "name": "CloudsDepthSampler",
                    "id": "clouds:depth"
                },
                {
                    "name": "WeatherSampler",
                    "id": "weather"
                },
                {
                    "name": "WeatherDepthSampler",
                    "id": "weather:depth"
                }
            ]
        },
        {
            "name": "blit",
            "intarget": "swap2",
            "outtarget": "minecraft:main"
        }
    ]
}
