{
   "providers": [
      {
         "type": "space",
         "advances": {
			" ": 4,
			"\u200c": 0,
			"\uF001": -1,
			"\uF002": 14,
			"\uF003": 16,
			"\uF004": 24,
			"\uF005": 64,
			"\uF006": -58,
			"\uF007": -77,
			"\uF008": -91,
			"\uF009": -105,
			"\uF010": -7,
			"\uF011": -9,
			"\uF012": -16,
			"\uF013": -23,
			"\uF014": -30,
			"\uF015": -37,
			"\uF016": -44,
			"\uF017": -51,
			"\uF018": -65,
			"\uF019": -32,
			"\uF020": 4,
			"\uF021": 11,
			"\uF022": -112,
			"\uF023": -62
		 }
      },
	  {
         "type": "bitmap",
         "file": "minecraft:custom_gui/little_clock.png",
         "ascent": 8,
         "height": 8,
         "chars": ["\uE001"],
         "shift": [0.0, 0.0]
      },
	  {
         "type": "bitmap",
         "file": "minecraft:custom_gui/welcome_1.png",
         "ascent": 40,
         "height": 88,
         "chars": ["\uE002"],
         "shift": [0.0, 0.0]
      },
	  {
         "type": "bitmap",
         "file": "minecraft:custom_gui/welcome_2.png",
         "ascent": 40,
         "height": 88,
         "chars": ["\uE003"],
         "shift": [0.0, 0.0]
      },
	  {
         "type": "bitmap",
         "file": "minecraft:custom_gui/welcome_3.png",
         "ascent": 40,
         "height": 88,
         "chars": ["\uE004"],
         "shift": [0.0, 0.0]
      },
	  {
         "type": "bitmap",
         "file": "minecraft:custom_gui/right_mouse_button.png",
         "ascent": 8,
         "height": 10,
         "chars": ["\uE005"],
         "shift": [0.0, 0.0]
      },
	  {
         "type": "bitmap",
         "file": "minecraft:custom_gui/left_mouse_button.png",
         "ascent": 8,
         "height": 10,
         "chars": ["\uE006"],
         "shift": [0.0, 0.0]
      },
	  {
         "type": "bitmap",
         "file": "minecraft:custom_gui/scripted_logo.png",
         "ascent": 8,
         "height": 20,
         "chars": ["\uE007"],
         "shift": [0.0, 0.0]
      },
	  {
         "type": "bitmap",
         "file": "minecraft:custom_gui/bronze_medal.png",
         "ascent": 8,
         "height": 10,
         "chars": ["\uE008"],
         "shift": [0.0, 0.0]
      },
	  {
         "type": "bitmap",
         "file": "minecraft:custom_gui/silver_medal.png",
         "ascent": 8,
         "height": 10,
         "chars": ["\uE009"],
         "shift": [0.0, 0.0]
      },
	  {
         "type": "bitmap",
         "file": "minecraft:custom_gui/gold_medal.png",
         "ascent": 8,
         "height": 10,
         "chars": ["\uE010"],
         "shift": [0.0, 0.0]
      },
	  {
         "type": "bitmap",
         "file": "minecraft:custom_gui/diamond_medal.png",
         "ascent": 8,
         "height": 10,
         "chars": ["\uE011"],
         "shift": [0.0, 0.0]
      },
	  {
         "type": "bitmap",
         "file": "minecraft:custom_gui/little_target.png",
         "ascent": 8,
         "height": 8,
         "chars": ["\uE012"],
         "shift": [0.0, 0.0]
      },
	  {
         "type": "bitmap",
         "file": "minecraft:custom_gui/stardust.png",
         "ascent": 8,
         "height": 10,
         "chars": ["\uE013"],
         "shift": [0.0, 0.0]
      },
	  {
         "type": "bitmap",
         "file": "minecraft:custom_gui/little_diamond_medal.png",
         "ascent": 8,
         "height": 8,
         "chars": ["\uE014"],
         "shift": [0.0, 0.0]
      },
	  {
         "type": "bitmap",
         "file": "minecraft:custom_gui/little_gold_medal.png",
         "ascent": 8,
         "height": 8,
         "chars": ["\uE015"],
         "shift": [0.0, 0.0]
      },
	  {
         "type": "bitmap",
         "file": "minecraft:custom_gui/little_silver_medal.png",
         "ascent": 8,
         "height": 8,
         "chars": ["\uE016"],
         "shift": [0.0, 0.0]
      },
	  {
         "type": "bitmap",
         "file": "minecraft:custom_gui/little_bronze_medal.png",
         "ascent": 8,
         "height": 8,
         "chars": ["\uE017"],
         "shift": [0.0, 0.0]
      },
	  {
         "type": "bitmap",
         "file": "minecraft:custom_gui/tutorial_1.png",
         "ascent": 70,
         "height": 78,
         "chars": ["\uE018"],
         "shift": [0.0, 0.0]
      },
	  {
         "type": "bitmap",
         "file": "minecraft:custom_gui/tutorial_2.png",
         "ascent": 70,
         "height": 78,
         "chars": ["\uE019"],
         "shift": [0.0, 0.0]
      },
	  {
         "type": "bitmap",
         "file": "minecraft:custom_gui/tutorial_3.png",
         "ascent": 70,
         "height": 78,
         "chars": ["\uE020"],
         "shift": [0.0, 0.0]
      },
	  {
         "type": "bitmap",
         "file": "minecraft:custom_gui/lil_ring.png",
         "ascent": 8,
         "height": 10,
         "chars": ["\uE021"],
         "shift": [0.0, 0.0]
      },
	  {
         "type": "bitmap",
         "file": "minecraft:custom_gui/lil_clock.png",
         "ascent": 8,
         "height": 10,
         "chars": ["\uE022"],
         "shift": [0.0, 0.0]
      },
	  {
         "type": "bitmap",
         "file": "minecraft:custom_gui/lil_eye.png",
         "ascent": 8,
         "height": 10,
         "chars": ["\uE023"],
         "shift": [0.0, 0.0]
      },
	  {
         "type": "bitmap",
         "file": "minecraft:custom_gui/lil_enemy.png",
         "ascent": 8,
         "height": 10,
         "chars": ["\uE024"],
         "shift": [0.0, 0.0]
      },
	  {
         "type": "bitmap",
         "file": "minecraft:custom_gui/lil_stardust.png",
         "ascent": 8,
         "height": 10,
         "chars": ["\uE025"],
         "shift": [0.0, 0.0]
      },
	  {
         "type": "bitmap",
         "file": "minecraft:custom_gui/lil_blank.png",
         "ascent": 8,
         "height": 10,
         "chars": ["\uE026"],
         "shift": [0.0, 0.0]
      },
	  {
         "type": "bitmap",
         "file": "minecraft:custom_gui/lil_eye_clear.png",
         "ascent": 8,
         "height": 10,
         "chars": ["\uE027"],
         "shift": [0.0, 0.0]
      },
	  {"type": "bitmap","file": "minecraft:custom_gui/nav_arrow_1.png","ascent": 26,"height": 32,"chars": ["\uE028"],"shift": [0.0, 0.0]},
	  {"type": "bitmap","file": "minecraft:custom_gui/nav_arrow_2.png","ascent": 26,"height": 32,"chars": ["\uE029"],"shift": [0.0, 0.0]},
	  {"type": "bitmap","file": "minecraft:custom_gui/nav_arrow_3.png","ascent": 26,"height": 32,"chars": ["\uE030"],"shift": [0.0, 0.0]},
	  {"type": "bitmap","file": "minecraft:custom_gui/nav_arrow_4.png","ascent": 26,"height": 32,"chars": ["\uE031"],"shift": [0.0, 0.0]},
	  {"type": "bitmap","file": "minecraft:custom_gui/nav_arrow_5.png","ascent": 26,"height": 32,"chars": ["\uE032"],"shift": [0.0, 0.0]},
	  {"type": "bitmap","file": "minecraft:custom_gui/nav_arrow_6.png","ascent": 26,"height": 32,"chars": ["\uE033"],"shift": [0.0, 0.0]},
	  {"type": "bitmap","file": "minecraft:custom_gui/nav_arrow_7.png","ascent": 26,"height": 32,"chars": ["\uE034"],"shift": [0.0, 0.0]},
	  {"type": "bitmap","file": "minecraft:custom_gui/nav_arrow_8.png","ascent": 26,"height": 32,"chars": ["\uE035"],"shift": [0.0, 0.0]},
	  
	  {"type": "bitmap","file": "minecraft:custom_gui/checkered_flag.png","ascent": 26,"height": 32,"chars": ["\uE036"],"shift": [0.0, 0.0]},
	  
	  {
         "type": "bitmap",
         "file": "minecraft:custom_gui/little_flag.png",
         "ascent": 8,
         "height": 8,
         "chars": ["\uE037"],
         "shift": [0.0, 0.0]
      },
	  
	  {"type": "bitmap","file": "minecraft:custom_gui/title_pastel_palace.png","ascent": 10,"height": 10,"chars": ["\uE301"],"shift": [0.0, 0.0]},
	  {"type": "bitmap","file": "minecraft:custom_gui/title_moonlit_mountains.png","ascent": 10,"height": 10,"chars": ["\uE302"],"shift": [0.0, 0.0]},
	  {"type": "bitmap","file": "minecraft:custom_gui/title_shattered_city.png","ascent": 10,"height": 10,"chars": ["\uE303"],"shift": [0.0, 0.0]},
	  {"type": "bitmap","file": "minecraft:custom_gui/title_neon_nightway.png","ascent": 10,"height": 10,"chars": ["\uE304"],"shift": [0.0, 0.0]},
	  {"type": "bitmap","file": "minecraft:custom_gui/title_deep_dive.png","ascent": 10,"height": 10,"chars": ["\uE305"],"shift": [0.0, 0.0]},
	  {"type": "bitmap","file": "minecraft:custom_gui/title_custom_dream.png","ascent": 10,"height": 10,"chars": ["\uE399"],"shift": [0.0, 0.0]},
	  
	  {"type": "bitmap","file": "minecraft:custom_gui/title_pastel_palace.png","ascent": 10,"height": 26,"chars": ["\uE401"],"shift": [0.0, 0.0]},
	  {"type": "bitmap","file": "minecraft:custom_gui/title_moonlit_mountains.png","ascent": 10,"height": 26,"chars": ["\uE402"],"shift": [0.0, 0.0]},
	  {"type": "bitmap","file": "minecraft:custom_gui/title_shattered_city.png","ascent": 10,"height": 26,"chars": ["\uE403"],"shift": [0.0, 0.0]},
	  {"type": "bitmap","file": "minecraft:custom_gui/title_neon_nightway.png","ascent": 10,"height": 26,"chars": ["\uE404"],"shift": [0.0, 0.0]},
	  {"type": "bitmap","file": "minecraft:custom_gui/title_deep_dive.png","ascent": 10,"height": 26,"chars": ["\uE405"],"shift": [0.0, 0.0]},
	  {"type": "bitmap","file": "minecraft:custom_gui/title_custom_dream.png","ascent": 10,"height": 26,"chars": ["\uE499"],"shift": [0.0, 0.0]},
	  
	  {"type": "bitmap","file": "minecraft:map_preview/pastel_palace_1.png","ascent": 10,"height": 100,"chars": ["\uE511"],"shift": [0.0, 0.0]},
	  {"type": "bitmap","file": "minecraft:map_preview/pastel_palace_2.png","ascent": 10,"height": 100,"chars": ["\uE512"],"shift": [0.0, 0.0]},
	  {"type": "bitmap","file": "minecraft:map_preview/pastel_palace_3.png","ascent": 10,"height": 100,"chars": ["\uE513"],"shift": [0.0, 0.0]},
	  {"type": "bitmap","file": "minecraft:map_preview/moonlit_mountains_1.png","ascent": 10,"height": 100,"chars": ["\uE521"],"shift": [0.0, 0.0]},
	  {"type": "bitmap","file": "minecraft:map_preview/moonlit_mountains_2.png","ascent": 10,"height": 100,"chars": ["\uE522"],"shift": [0.0, 0.0]},
	  {"type": "bitmap","file": "minecraft:map_preview/moonlit_mountains_3.png","ascent": 10,"height": 100,"chars": ["\uE523"],"shift": [0.0, 0.0]},
	  {"type": "bitmap","file": "minecraft:map_preview/shattered_city_1.png","ascent": 10,"height": 100,"chars": ["\uE531"],"shift": [0.0, 0.0]},
	  {"type": "bitmap","file": "minecraft:map_preview/shattered_city_2.png","ascent": 10,"height": 100,"chars": ["\uE532"],"shift": [0.0, 0.0]},
	  {"type": "bitmap","file": "minecraft:map_preview/shattered_city_3.png","ascent": 10,"height": 100,"chars": ["\uE533"],"shift": [0.0, 0.0]},
	  {"type": "bitmap","file": "minecraft:map_preview/neon_nightway_1.png","ascent": 10,"height": 100,"chars": ["\uE541"],"shift": [0.0, 0.0]},
	  {"type": "bitmap","file": "minecraft:map_preview/neon_nightway_2.png","ascent": 10,"height": 100,"chars": ["\uE542"],"shift": [0.0, 0.0]},
	  {"type": "bitmap","file": "minecraft:map_preview/neon_nightway_3.png","ascent": 10,"height": 100,"chars": ["\uE543"],"shift": [0.0, 0.0]},
	  {"type": "bitmap","file": "minecraft:map_preview/deep_dive_1.png","ascent": 10,"height": 100,"chars": ["\uE551"],"shift": [0.0, 0.0]},
	  {"type": "bitmap","file": "minecraft:map_preview/deep_dive_2.png","ascent": 10,"height": 100,"chars": ["\uE552"],"shift": [0.0, 0.0]},
	  {"type": "bitmap","file": "minecraft:map_preview/deep_dive_3.png","ascent": 10,"height": 100,"chars": ["\uE553"],"shift": [0.0, 0.0]},
	  
	  {"type": "bitmap","file": "minecraft:custom_gui/little_0.png","ascent": 10,"height": 10,"chars": ["\uE800"],"shift": [0.0, 0.0]},
	  {"type": "bitmap","file": "minecraft:custom_gui/little_1.png","ascent": 10,"height": 10,"chars": ["\uE801"],"shift": [0.0, 0.0]},
	  {"type": "bitmap","file": "minecraft:custom_gui/little_2.png","ascent": 10,"height": 10,"chars": ["\uE802"],"shift": [0.0, 0.0]},
	  {"type": "bitmap","file": "minecraft:custom_gui/little_3.png","ascent": 10,"height": 10,"chars": ["\uE803"],"shift": [0.0, 0.0]},
	  {"type": "bitmap","file": "minecraft:custom_gui/little_4.png","ascent": 10,"height": 10,"chars": ["\uE804"],"shift": [0.0, 0.0]},
	  {"type": "bitmap","file": "minecraft:custom_gui/little_5.png","ascent": 10,"height": 10,"chars": ["\uE805"],"shift": [0.0, 0.0]},
	  {"type": "bitmap","file": "minecraft:custom_gui/little_6.png","ascent": 10,"height": 10,"chars": ["\uE806"],"shift": [0.0, 0.0]},
	  {"type": "bitmap","file": "minecraft:custom_gui/little_7.png","ascent": 10,"height": 10,"chars": ["\uE807"],"shift": [0.0, 0.0]},
	  {"type": "bitmap","file": "minecraft:custom_gui/little_8.png","ascent": 10,"height": 10,"chars": ["\uE808"],"shift": [0.0, 0.0]},
	  {"type": "bitmap","file": "minecraft:custom_gui/little_9.png","ascent": 10,"height": 10,"chars": ["\uE809"],"shift": [0.0, 0.0]},
	  {"type": "bitmap","file": "minecraft:custom_gui/meter_0.png","ascent": 10,"height": 10,"chars": ["\uE810"],"shift": [0.0, 0.0]},
	  {"type": "bitmap","file": "minecraft:custom_gui/meter_1.png","ascent": 10,"height": 10,"chars": ["\uE811"],"shift": [0.0, 0.0]},
	  {"type": "bitmap","file": "minecraft:custom_gui/meter_2.png","ascent": 10,"height": 10,"chars": ["\uE812"],"shift": [0.0, 0.0]},
	  {"type": "bitmap","file": "minecraft:custom_gui/meter_3.png","ascent": 10,"height": 10,"chars": ["\uE813"],"shift": [0.0, 0.0]},
	  {"type": "bitmap","file": "minecraft:custom_gui/meter_4.png","ascent": 10,"height": 10,"chars": ["\uE814"],"shift": [0.0, 0.0]},
	  {"type": "bitmap","file": "minecraft:custom_gui/meter_5.png","ascent": 10,"height": 10,"chars": ["\uE815"],"shift": [0.0, 0.0]},
	  {"type": "bitmap","file": "minecraft:custom_gui/meter_6.png","ascent": 10,"height": 10,"chars": ["\uE816"],"shift": [0.0, 0.0]},
	  {"type": "bitmap","file": "minecraft:custom_gui/meter_7.png","ascent": 10,"height": 10,"chars": ["\uE817"],"shift": [0.0, 0.0]},
	  {"type": "bitmap","file": "minecraft:custom_gui/meter_8.png","ascent": 10,"height": 10,"chars": ["\uE818"],"shift": [0.0, 0.0]},
	  {"type": "bitmap","file": "minecraft:custom_gui/meter_9.png","ascent": 10,"height": 10,"chars": ["\uE819"],"shift": [0.0, 0.0]},
	  {"type": "bitmap","file": "minecraft:custom_gui/meter_10.png","ascent": 10,"height": 10,"chars": ["\uE820"],"shift": [0.0, 0.0]},
	  {"type": "bitmap","file": "minecraft:custom_gui/chest.png","ascent": 10,"height": 10,"chars": ["\uE821"],"shift": [0.0, 0.0]},
	  {"type": "bitmap","file": "minecraft:custom_gui/chest_success.png","ascent": 10,"height": 10,"chars": ["\uE822"],"shift": [0.0, 0.0]},
	  {"type": "bitmap","file": "minecraft:custom_gui/chest_fail.png","ascent": 10,"height": 10,"chars": ["\uE823"],"shift": [0.0, 0.0]},
	  {"type": "bitmap","file": "minecraft:custom_gui/enemy.png","ascent": 10,"height": 10,"chars": ["\uE824"],"shift": [0.0, 0.0]},
	  
	  
	  {"type": "bitmap","file": "minecraft:custom_phantom_hud/connector_4px.png","ascent": 6,"height": 32,"chars": ["\uE901"],"shift": [0.0, 0.0]},
	  {"type": "bitmap","file": "minecraft:custom_phantom_hud/connector_8px.png","ascent": 6,"height": 32,"chars": ["\uE902"],"shift": [0.0, 0.0]},
	  {"type": "bitmap","file": "minecraft:custom_phantom_hud/end_left.png","ascent": 6,"height": 32,"chars": ["\uE903"],"shift": [0.0, 0.0]},
	  {"type": "bitmap","file": "minecraft:custom_phantom_hud/end_right.png","ascent": 6,"height": 32,"chars": ["\uE904"],"shift": [0.0, 0.0]},
	  {"type": "bitmap","file": "minecraft:custom_phantom_hud/ender_eye.png","ascent": 6,"height": 32,"chars": ["\uE905"],"shift": [0.0, 0.0]},
	  {"type": "bitmap","file": "minecraft:custom_phantom_hud/num_0.png","ascent": 6,"height": 32,"chars": ["\uE906"],"shift": [0.0, 0.0]},
	  {"type": "bitmap","file": "minecraft:custom_phantom_hud/num_1.png","ascent": 6,"height": 32,"chars": ["\uE907"],"shift": [0.0, 0.0]},
	  {"type": "bitmap","file": "minecraft:custom_phantom_hud/num_2.png","ascent": 6,"height": 32,"chars": ["\uE908"],"shift": [0.0, 0.0]},
	  {"type": "bitmap","file": "minecraft:custom_phantom_hud/num_3.png","ascent": 6,"height": 32,"chars": ["\uE909"],"shift": [0.0, 0.0]},
	  {"type": "bitmap","file": "minecraft:custom_phantom_hud/num_4.png","ascent": 6,"height": 32,"chars": ["\uE910"],"shift": [0.0, 0.0]},
	  {"type": "bitmap","file": "minecraft:custom_phantom_hud/num_5.png","ascent": 6,"height": 32,"chars": ["\uE911"],"shift": [0.0, 0.0]},
	  {"type": "bitmap","file": "minecraft:custom_phantom_hud/num_6.png","ascent": 6,"height": 32,"chars": ["\uE912"],"shift": [0.0, 0.0]},
	  {"type": "bitmap","file": "minecraft:custom_phantom_hud/num_7.png","ascent": 6,"height": 32,"chars": ["\uE913"],"shift": [0.0, 0.0]},
	  {"type": "bitmap","file": "minecraft:custom_phantom_hud/num_8.png","ascent": 6,"height": 32,"chars": ["\uE914"],"shift": [0.0, 0.0]},
	  {"type": "bitmap","file": "minecraft:custom_phantom_hud/num_9.png","ascent": 6,"height": 32,"chars": ["\uE915"],"shift": [0.0, 0.0]},
	  {"type": "bitmap","file": "minecraft:custom_phantom_hud/num_colon.png","ascent": 6,"height": 32,"chars": ["\uE916"],"shift": [0.0, 0.0]},
	  {"type": "bitmap","file": "minecraft:custom_phantom_hud/num_slash.png","ascent": 6,"height": 32,"chars": ["\uE917"],"shift": [0.0, 0.0]},
	  {"type": "bitmap","file": "minecraft:custom_phantom_hud/stardust_big.png","ascent": 6,"height": 32,"chars": ["\uE918"],"shift": [0.0, 0.0]},
	  {"type": "bitmap","file": "minecraft:custom_phantom_hud/connector_14px.png","ascent": 6,"height": 32,"chars": ["\uE919"],"shift": [0.0, 0.0]},
	  {"type": "bitmap","file": "minecraft:custom_phantom_hud/num_blank.png","ascent": 6,"height": 32,"chars": ["\uE920"],"shift": [0.0, 0.0]},
	  {"type": "bitmap","file": "minecraft:custom_phantom_hud/connector_7px.png","ascent": 6,"height": 32,"chars": ["\uE921"],"shift": [0.0, 0.0]},
	  {"type": "bitmap","file": "minecraft:custom_phantom_hud/tiny_0.png","ascent": 6,"height": 32,"chars": ["\uE922"],"shift": [0.0, 0.0]},
	  {"type": "bitmap","file": "minecraft:custom_phantom_hud/tiny_1.png","ascent": 6,"height": 32,"chars": ["\uE923"],"shift": [0.0, 0.0]},
	  {"type": "bitmap","file": "minecraft:custom_phantom_hud/tiny_2.png","ascent": 6,"height": 32,"chars": ["\uE924"],"shift": [0.0, 0.0]},
	  {"type": "bitmap","file": "minecraft:custom_phantom_hud/tiny_3.png","ascent": 6,"height": 32,"chars": ["\uE925"],"shift": [0.0, 0.0]},
	  {"type": "bitmap","file": "minecraft:custom_phantom_hud/tiny_4.png","ascent": 6,"height": 32,"chars": ["\uE926"],"shift": [0.0, 0.0]},
	  {"type": "bitmap","file": "minecraft:custom_phantom_hud/tiny_5.png","ascent": 6,"height": 32,"chars": ["\uE927"],"shift": [0.0, 0.0]},
	  {"type": "bitmap","file": "minecraft:custom_phantom_hud/tiny_6.png","ascent": 6,"height": 32,"chars": ["\uE928"],"shift": [0.0, 0.0]},
	  {"type": "bitmap","file": "minecraft:custom_phantom_hud/tiny_7.png","ascent": 6,"height": 32,"chars": ["\uE929"],"shift": [0.0, 0.0]},
	  {"type": "bitmap","file": "minecraft:custom_phantom_hud/tiny_8.png","ascent": 6,"height": 32,"chars": ["\uE930"],"shift": [0.0, 0.0]},
	  {"type": "bitmap","file": "minecraft:custom_phantom_hud/tiny_9.png","ascent": 6,"height": 32,"chars": ["\uE931"],"shift": [0.0, 0.0]},
	  {"type": "bitmap","file": "minecraft:custom_phantom_hud/tiny_0_nudge.png","ascent": 6,"height": 32,"chars": ["\uE932"],"shift": [0.0, 0.0]},
	  {"type": "bitmap","file": "minecraft:custom_phantom_hud/tiny_1_nudge.png","ascent": 6,"height": 32,"chars": ["\uE933"],"shift": [0.0, 0.0]},
	  {"type": "bitmap","file": "minecraft:custom_phantom_hud/tiny_2_nudge.png","ascent": 6,"height": 32,"chars": ["\uE934"],"shift": [0.0, 0.0]},
	  {"type": "bitmap","file": "minecraft:custom_phantom_hud/tiny_3_nudge.png","ascent": 6,"height": 32,"chars": ["\uE935"],"shift": [0.0, 0.0]},
	  {"type": "bitmap","file": "minecraft:custom_phantom_hud/tiny_4_nudge.png","ascent": 6,"height": 32,"chars": ["\uE936"],"shift": [0.0, 0.0]},
	  {"type": "bitmap","file": "minecraft:custom_phantom_hud/tiny_5_nudge.png","ascent": 6,"height": 32,"chars": ["\uE937"],"shift": [0.0, 0.0]},
	  {"type": "bitmap","file": "minecraft:custom_phantom_hud/tiny_6_nudge.png","ascent": 6,"height": 32,"chars": ["\uE938"],"shift": [0.0, 0.0]},
	  {"type": "bitmap","file": "minecraft:custom_phantom_hud/tiny_7_nudge.png","ascent": 6,"height": 32,"chars": ["\uE939"],"shift": [0.0, 0.0]},
	  {"type": "bitmap","file": "minecraft:custom_phantom_hud/tiny_8_nudge.png","ascent": 6,"height": 32,"chars": ["\uE940"],"shift": [0.0, 0.0]},
	  {"type": "bitmap","file": "minecraft:custom_phantom_hud/tiny_9_nudge.png","ascent": 6,"height": 32,"chars": ["\uE941"],"shift": [0.0, 0.0]},
	  {"type": "bitmap","file": "minecraft:custom_phantom_hud/timer_big.png","ascent": 6,"height": 32,"chars": ["\uE942"],"shift": [0.0, 0.0]},
	  {"type": "bitmap","file": "minecraft:custom_phantom_hud/check_mark.png","ascent": 6,"height": 32,"chars": ["\uE943"],"shift": [0.0, 0.0]},
	  {"type": "bitmap","file": "minecraft:custom_phantom_hud/letter_a.png","ascent": 18,"height": 32,"chars": ["\uE944"],"shift": [0.0, 0.0]},
	  {"type": "bitmap","file": "minecraft:custom_phantom_hud/letter_b.png","ascent": 18,"height": 32,"chars": ["\uE945"],"shift": [0.0, 0.0]},
	  {"type": "bitmap","file": "minecraft:custom_phantom_hud/letter_c.png","ascent": 18,"height": 32,"chars": ["\uE946"],"shift": [0.0, 0.0]},
	  {"type": "bitmap","file": "minecraft:custom_phantom_hud/letter_d.png","ascent": 18,"height": 32,"chars": ["\uE947"],"shift": [0.0, 0.0]},
	  {"type": "bitmap","file": "minecraft:custom_phantom_hud/letter_f.png","ascent": 18,"height": 32,"chars": ["\uE948"],"shift": [0.0, 0.0]},
	  
	  {"type": "bitmap","file": "minecraft:custom_phantom_hud/letter_a.png","ascent": 6,"height": 32,"chars": ["\uE949"],"shift": [0.0, 0.0]},
	  {"type": "bitmap","file": "minecraft:custom_phantom_hud/letter_b.png","ascent": 6,"height": 32,"chars": ["\uE950"],"shift": [0.0, 0.0]},
	  {"type": "bitmap","file": "minecraft:custom_phantom_hud/letter_c.png","ascent": 6,"height": 32,"chars": ["\uE951"],"shift": [0.0, 0.0]},
	  {"type": "bitmap","file": "minecraft:custom_phantom_hud/letter_d.png","ascent": 6,"height": 32,"chars": ["\uE952"],"shift": [0.0, 0.0]},
	  
	  {"type": "bitmap","file": "minecraft:custom_phantom_hud/end_left.png","ascent": 14,"height": 32,"chars": ["\uE953"],"shift": [0.0, 0.0]},
	  {"type": "bitmap","file": "minecraft:custom_phantom_hud/end_right.png","ascent": 14,"height": 32,"chars": ["\uE954"],"shift": [0.0, 0.0]},
	  {"type": "bitmap","file": "minecraft:custom_phantom_hud/tiny_0.png","ascent": 14,"height": 32,"chars": ["\uE955"],"shift": [0.0, 0.0]},
	  {"type": "bitmap","file": "minecraft:custom_phantom_hud/tiny_1.png","ascent": 14,"height": 32,"chars": ["\uE956"],"shift": [0.0, 0.0]},
	  {"type": "bitmap","file": "minecraft:custom_phantom_hud/tiny_2.png","ascent": 14,"height": 32,"chars": ["\uE957"],"shift": [0.0, 0.0]},
	  {"type": "bitmap","file": "minecraft:custom_phantom_hud/tiny_3.png","ascent": 14,"height": 32,"chars": ["\uE958"],"shift": [0.0, 0.0]},
	  {"type": "bitmap","file": "minecraft:custom_phantom_hud/tiny_4.png","ascent": 14,"height": 32,"chars": ["\uE959"],"shift": [0.0, 0.0]},
	  {"type": "bitmap","file": "minecraft:custom_phantom_hud/tiny_5.png","ascent": 14,"height": 32,"chars": ["\uE960"],"shift": [0.0, 0.0]},
	  {"type": "bitmap","file": "minecraft:custom_phantom_hud/tiny_6.png","ascent": 14,"height": 32,"chars": ["\uE961"],"shift": [0.0, 0.0]},
	  {"type": "bitmap","file": "minecraft:custom_phantom_hud/tiny_7.png","ascent": 14,"height": 32,"chars": ["\uE962"],"shift": [0.0, 0.0]},
	  {"type": "bitmap","file": "minecraft:custom_phantom_hud/tiny_8.png","ascent": 14,"height": 32,"chars": ["\uE963"],"shift": [0.0, 0.0]},
	  {"type": "bitmap","file": "minecraft:custom_phantom_hud/tiny_9.png","ascent": 14,"height": 32,"chars": ["\uE964"],"shift": [0.0, 0.0]},
	  {"type": "bitmap","file": "minecraft:custom_phantom_hud/tiny_0_nudge.png","ascent": 14,"height": 32,"chars": ["\uE965"],"shift": [0.0, 0.0]},
	  {"type": "bitmap","file": "minecraft:custom_phantom_hud/tiny_1_nudge.png","ascent": 14,"height": 32,"chars": ["\uE966"],"shift": [0.0, 0.0]},
	  {"type": "bitmap","file": "minecraft:custom_phantom_hud/tiny_2_nudge.png","ascent": 14,"height": 32,"chars": ["\uE967"],"shift": [0.0, 0.0]},
	  {"type": "bitmap","file": "minecraft:custom_phantom_hud/tiny_3_nudge.png","ascent": 14,"height": 32,"chars": ["\uE968"],"shift": [0.0, 0.0]},
	  {"type": "bitmap","file": "minecraft:custom_phantom_hud/tiny_4_nudge.png","ascent": 14,"height": 32,"chars": ["\uE969"],"shift": [0.0, 0.0]},
	  {"type": "bitmap","file": "minecraft:custom_phantom_hud/tiny_5_nudge.png","ascent": 14,"height": 32,"chars": ["\uE970"],"shift": [0.0, 0.0]},
	  {"type": "bitmap","file": "minecraft:custom_phantom_hud/tiny_6_nudge.png","ascent": 14,"height": 32,"chars": ["\uE971"],"shift": [0.0, 0.0]},
	  {"type": "bitmap","file": "minecraft:custom_phantom_hud/tiny_7_nudge.png","ascent": 14,"height": 32,"chars": ["\uE972"],"shift": [0.0, 0.0]},
	  {"type": "bitmap","file": "minecraft:custom_phantom_hud/tiny_8_nudge.png","ascent": 14,"height": 32,"chars": ["\uE973"],"shift": [0.0, 0.0]},
	  {"type": "bitmap","file": "minecraft:custom_phantom_hud/tiny_9_nudge.png","ascent": 14,"height": 32,"chars": ["\uE974"],"shift": [0.0, 0.0]},
	  
	  {"type": "bitmap","file": "minecraft:custom_phantom_hud/end_left.png","ascent": 19,"height": 32,"chars": ["\uE975"],"shift": [0.0, 0.0]},
	  {"type": "bitmap","file": "minecraft:custom_phantom_hud/end_right_long.png","ascent": 19,"height": 32,"chars": ["\uE976"],"shift": [0.0, 0.0]},
	  {"type": "bitmap","file": "minecraft:custom_phantom_hud/tiny_0.png","ascent": 19,"height": 32,"chars": ["\uE977"],"shift": [0.0, 0.0]},
	  {"type": "bitmap","file": "minecraft:custom_phantom_hud/tiny_1.png","ascent": 19,"height": 32,"chars": ["\uE978"],"shift": [0.0, 0.0]},
	  {"type": "bitmap","file": "minecraft:custom_phantom_hud/tiny_2.png","ascent": 19,"height": 32,"chars": ["\uE979"],"shift": [0.0, 0.0]},
	  {"type": "bitmap","file": "minecraft:custom_phantom_hud/tiny_3.png","ascent": 19,"height": 32,"chars": ["\uE980"],"shift": [0.0, 0.0]},
	  {"type": "bitmap","file": "minecraft:custom_phantom_hud/tiny_4.png","ascent": 19,"height": 32,"chars": ["\uE981"],"shift": [0.0, 0.0]},
	  {"type": "bitmap","file": "minecraft:custom_phantom_hud/tiny_5.png","ascent": 19,"height": 32,"chars": ["\uE982"],"shift": [0.0, 0.0]},
	  {"type": "bitmap","file": "minecraft:custom_phantom_hud/tiny_6.png","ascent": 19,"height": 32,"chars": ["\uE983"],"shift": [0.0, 0.0]},
	  {"type": "bitmap","file": "minecraft:custom_phantom_hud/tiny_7.png","ascent": 19,"height": 32,"chars": ["\uE984"],"shift": [0.0, 0.0]},
	  {"type": "bitmap","file": "minecraft:custom_phantom_hud/tiny_8.png","ascent": 19,"height": 32,"chars": ["\uE985"],"shift": [0.0, 0.0]},
	  {"type": "bitmap","file": "minecraft:custom_phantom_hud/tiny_9.png","ascent": 19,"height": 32,"chars": ["\uE986"],"shift": [0.0, 0.0]},
	  
	  {"type": "bitmap","file": "minecraft:custom_gui/hp_chunk.png","ascent": 19,"height": 32,"chars": ["\uE987"],"shift": [0.0, 0.0]},
	  
	  {"type": "bitmap","file": "minecraft:custom_phantom_hud/timer_big_gold.png","ascent": 6,"height": 32,"chars": ["\uE988"],"shift": [0.0, 0.0]},
	  
	  {"type": "bitmap","file": "minecraft:custom_phantom_hud/tiny_period.png","ascent": 6,"height": 32,"chars": ["\uE989"],"shift": [0.0, 0.0]},
	  
	  {"type": "bitmap","file": "minecraft:custom_phantom_hud/tiny_slash_low.png","ascent": 6,"height": 32,"chars": ["\uA901"],"shift": [0.0, 0.0]},
	  {"type": "bitmap","file": "minecraft:custom_phantom_hud/tiny_0_low.png","ascent": 6,"height": 32,"chars": ["\uA902"],"shift": [0.0, 0.0]},
	  {"type": "bitmap","file": "minecraft:custom_phantom_hud/tiny_1_low.png","ascent": 6,"height": 32,"chars": ["\uA903"],"shift": [0.0, 0.0]},
	  {"type": "bitmap","file": "minecraft:custom_phantom_hud/tiny_2_low.png","ascent": 6,"height": 32,"chars": ["\uA904"],"shift": [0.0, 0.0]},
	  {"type": "bitmap","file": "minecraft:custom_phantom_hud/tiny_3_low.png","ascent": 6,"height": 32,"chars": ["\uA905"],"shift": [0.0, 0.0]},
	  {"type": "bitmap","file": "minecraft:custom_phantom_hud/tiny_4_low.png","ascent": 6,"height": 32,"chars": ["\uA906"],"shift": [0.0, 0.0]},
	  {"type": "bitmap","file": "minecraft:custom_phantom_hud/tiny_5_low.png","ascent": 6,"height": 32,"chars": ["\uA907"],"shift": [0.0, 0.0]},
	  {"type": "bitmap","file": "minecraft:custom_phantom_hud/tiny_6_low.png","ascent": 6,"height": 32,"chars": ["\uA908"],"shift": [0.0, 0.0]},
	  {"type": "bitmap","file": "minecraft:custom_phantom_hud/tiny_7_low.png","ascent": 6,"height": 32,"chars": ["\uA909"],"shift": [0.0, 0.0]},
	  {"type": "bitmap","file": "minecraft:custom_phantom_hud/tiny_8_low.png","ascent": 6,"height": 32,"chars": ["\uA910"],"shift": [0.0, 0.0]},
	  {"type": "bitmap","file": "minecraft:custom_phantom_hud/tiny_9_low.png","ascent": 6,"height": 32,"chars": ["\uA911"],"shift": [0.0, 0.0]},
	  
	  {"type": "bitmap","file": "minecraft:custom_phantom_hud/lap_flag.png","ascent": 28,"height": 32,"chars": ["\uA912"],"shift": [0.0, 0.0]},
	  {"type": "bitmap","file": "minecraft:custom_phantom_hud/connector_4px.png","ascent": 28,"height": 32,"chars": ["\uA913"],"shift": [0.0, 0.0]},
	  {"type": "bitmap","file": "minecraft:custom_phantom_hud/end_left.png","ascent": 28,"height": 32,"chars": ["\uA914"],"shift": [0.0, 0.0]},
	  {"type": "bitmap","file": "minecraft:custom_phantom_hud/end_right.png","ascent": 28,"height": 32,"chars": ["\uA915"],"shift": [0.0, 0.0]},
	  {"type": "bitmap","file": "minecraft:custom_phantom_hud/num_0.png","ascent": 28,"height": 32,"chars": ["\uA916"],"shift": [0.0, 0.0]},
	  {"type": "bitmap","file": "minecraft:custom_phantom_hud/num_1.png","ascent": 28,"height": 32,"chars": ["\uA917"],"shift": [0.0, 0.0]},
	  {"type": "bitmap","file": "minecraft:custom_phantom_hud/num_2.png","ascent": 28,"height": 32,"chars": ["\uA918"],"shift": [0.0, 0.0]},
	  {"type": "bitmap","file": "minecraft:custom_phantom_hud/num_3.png","ascent": 28,"height": 32,"chars": ["\uA919"],"shift": [0.0, 0.0]},
	  {"type": "bitmap","file": "minecraft:custom_phantom_hud/num_4.png","ascent": 28,"height": 32,"chars": ["\uA920"],"shift": [0.0, 0.0]},
	  {"type": "bitmap","file": "minecraft:custom_phantom_hud/num_5.png","ascent": 28,"height": 32,"chars": ["\uA921"],"shift": [0.0, 0.0]},
	  {"type": "bitmap","file": "minecraft:custom_phantom_hud/num_6.png","ascent": 28,"height": 32,"chars": ["\uA922"],"shift": [0.0, 0.0]},
	  {"type": "bitmap","file": "minecraft:custom_phantom_hud/num_7.png","ascent": 28,"height": 32,"chars": ["\uA923"],"shift": [0.0, 0.0]},
	  {"type": "bitmap","file": "minecraft:custom_phantom_hud/num_8.png","ascent": 28,"height": 32,"chars": ["\uA924"],"shift": [0.0, 0.0]},
	  {"type": "bitmap","file": "minecraft:custom_phantom_hud/num_9.png","ascent": 28,"height": 32,"chars": ["\uA925"],"shift": [0.0, 0.0]},
	  {"type": "bitmap","file": "minecraft:custom_phantom_hud/num_slash.png","ascent": 28,"height": 32,"chars": ["\uA926"],"shift": [0.0, 0.0]},
	  {"type": "bitmap","file": "minecraft:custom_phantom_hud/kos_big.png","ascent": 6,"height": 32,"chars": ["\uA927"],"shift": [0.0, 0.0]},
	  
	  {"type": "bitmap","file": "minecraft:custom_phantom_hud/letter_s.png","ascent": 6,"height": 32,"chars": ["\uA928"],"shift": [0.0, 0.0]},
	  {"type": "bitmap","file": "minecraft:custom_phantom_hud/letter_f.png","ascent": 6,"height": 32,"chars": ["\uA929"],"shift": [0.0, 0.0]},
	  {"type": "bitmap","file": "minecraft:custom_phantom_hud/letter_bar.png","ascent": 6,"height": 32,"chars": ["\uA930"],"shift": [0.0, 0.0]}


	]
}
